job,source_sha256,arguments,windows_sha256,linux_sha256,outcome
1,5eea39ba4dd012ac9370c5025304ccfe3297580eaedb983369914faa9fdbac5c,-T cs_6_0 -E main -O3,cac599b1ee4d419af4db195f0c2c636b54654f3147203495663fb28b68e0195c,cac599b1ee4d419af4db195f0c2c636b54654f3147203495663fb28b68e0195c,identical
2,efcb4593ca0b74a4e9551e23ae7ef63c49fd53ba41df88a4c481c6ecf5bd77c7,-T cs_6_0 -E main -O3,18ca6f89011c003ad65bd8914e58979e8781bf70aa0dd76f7a8a9b768a7cb3bf,18ca6f89011c003ad65bd8914e58979e8781bf70aa0dd76f7a8a9b768a7cb3bf,identical
3,e3f3193b44c6a91e54d643f6775b3cb3f3f5b4b5eb1b414eb251a18468eccd37,-T cs_6_0 -E main -O3,53e105b39596057868930816053e25cd8e2fa842ac4a024212022d9a4966a8ad,53e105b39596057868930816053e25cd8e2fa842ac4a024212022d9a4966a8ad,identical
4,2bd34f9a53c3f2faa98c8a6bf0da7dedf05cd766c30623e0b4c9a9b073f751bf,-T cs_6_0 -E main -O3,924dce7f4fa4975bb109b62d4e43ce3edf7bf3698513732a1e342234992d71c8,924dce7f4fa4975bb109b62d4e43ce3edf7bf3698513732a1e342234992d71c8,identical
5,cc3a7e840e29183b4d22e82f760fffbb927209f2876218c19d92174b9155494e,-T cs_6_0 -E main -O3,12e22b3db007e8e6cfa88647e51d9fe92db2e7ad35f498a50853d6b6bc266691,12e22b3db007e8e6cfa88647e51d9fe92db2e7ad35f498a50853d6b6bc266691,identical
6,159200a6f3210ded134b6b388cb8177e5df8d10568e85f0d5ad0eedaef8a8cc4,-T cs_6_0 -E main -O3,abaf980ceb23e13b6eba9076db7b12b649a09ff640e4a49a125387eb54661d0d,abaf980ceb23e13b6eba9076db7b12b649a09ff640e4a49a125387eb54661d0d,identical
7,028648d4d18d5dfa826e07653ec69be70784a960fdd9c25fa0430aafd844a133,-T cs_6_0 -E main -O3,8fe0ef3662ffafa2829f90d01dd62c4e78c7b65fe6644e966a7ddea426eeb8b9,8fe0ef3662ffafa2829f90d01dd62c4e78c7b65fe6644e966a7ddea426eeb8b9,identical
8,b6d7e7e62c14d1ad34a2fc63eb8ed20e8ce8ff85e723d6e1f3a89ae8f2d39e6b,-T cs_6_0 -E main -O3,d5d54e28e586baf31ff143ae63fe356a605103f4c780c80b308c23d740047edd,d5d54e28e586baf31ff143ae63fe356a605103f4c780c80b308c23d740047edd,identical
9,1e44f9cf2d3ed006bfd2086b9c4e7672c6d6333756d78beb45016e5c8c7f8938,-T cs_6_0 -E main -O3,7646b67ae66061cdefb790e660b3e6d8cc3d9035bea30930f9e7cd879318d85c,7646b67ae66061cdefb790e660b3e6d8cc3d9035bea30930f9e7cd879318d85c,identical
10,1a66495efe0941636058c34b4881bb095d65cc76f66494cb7e2b62d2fe8c9517,-T cs_6_0 -E main -O3,4f04ff2e6339d41d1bb91a218275a5f78e8d66a793a24034b0fe09141d5fa1f8,4f04ff2e6339d41d1bb91a218275a5f78e8d66a793a24034b0fe09141d5fa1f8,identical
11,d97aa33ac35efbcb3403e093a57cd81c94ae354dd66229d4043ca0007c3d969c,-T cs_6_0 -E main -O3,feea2d718000ef79ea386a2ff4b27d6a48ba6886c08e372168c30d41ac730857,feea2d718000ef79ea386a2ff4b27d6a48ba6886c08e372168c30d41ac730857,identical
12,8fe6fc99ba16462b5b630e2ca9d2de906175d9f83cf9f645b5c46db7a0e44a80,-T cs_6_0 -E main -O3,d18328c1164dbd6055bfc0c2c6c51047f30b645d8c92d0596c612f152e94b579,d18328c1164dbd6055bfc0c2c6c51047f30b645d8c92d0596c612f152e94b579,identical
13,236686d829f43440164f5fbdb15525d63efcc97c08331ed1d9d3d1f80e5c861a,-T ps_6_0 -E main -O3,91e716984b0937d232ff6cfc071e23f93d15bb7786db2987f0ae9422e452e608,91e716984b0937d232ff6cfc071e23f93d15bb7786db2987f0ae9422e452e608,identical
14,9e445c279748b69a3f6b4cf1c60704657fe46e6ce5942774d9476b83182fd027,-T cs_6_0 -E main -O3,0df254b3d798fea2bb3bff206c944ad9a91738181ba296a1cb2db03f07a50141,0df254b3d798fea2bb3bff206c944ad9a91738181ba296a1cb2db03f07a50141,identical
15,c8d040a6da1377b6cf80c01a492e8320639a5c9f8ece906b296bb5cc3493cd34,-T cs_6_0 -E main -O3,248282481ab6127494e19a91f0ee82f98e3cec9efa5c1670abeb90091e696cce,248282481ab6127494e19a91f0ee82f98e3cec9efa5c1670abeb90091e696cce,identical
16,27968b347d3e7c3776c16e876428b95cdaed24d69131a3f8f32a98ae682a6b0a,-T cs_6_0 -E main -O3,7768a1b044381fe813a2ebddcd3ce4d736a4406bc6323ab0f6d0f7d79aab2e06,7768a1b044381fe813a2ebddcd3ce4d736a4406bc6323ab0f6d0f7d79aab2e06,identical
17,e54e57546faea02df600b43c854b26c419b1461a8c3dbb7e1b76a255ff313d67,-T cs_6_0 -E main -O3,4a3764524d22d89be28cc5ff6f2a550b016b0424519ad285eabfb0055e9b4cd5,4a3764524d22d89be28cc5ff6f2a550b016b0424519ad285eabfb0055e9b4cd5,identical
18,9e8435492201a084d261e7ec8e0ce2acba62c16fb076c7f8d1b392ab72ad2a1a,-T ps_6_0 -E main -O3,8183ed92ca549f0897512a50337b3bc7620f02ca119646eca485b73597596919,8183ed92ca549f0897512a50337b3bc7620f02ca119646eca485b73597596919,identical
19,47982c1ed360d099f0564dae0d23502e5b00fa4099e21ca9f8ce7a97c18eb0b1,-T ps_6_0 -E main -O3,0bed7717dea8b02d0a7e5d444dbd2c1b6e4aa1ad1828a1db68aa4ad2c820c5bf,0bed7717dea8b02d0a7e5d444dbd2c1b6e4aa1ad1828a1db68aa4ad2c820c5bf,identical
20,bb35b6474e675bcfea4f8c4d84ac840f7bf77d0321869a36bb68f9754f1e2e70,-T ps_6_0 -E main -O3,de61a66167bd0e1d6110912e0f3eec5c12e2bb36e9626be52c16fc861f39ad17,de61a66167bd0e1d6110912e0f3eec5c12e2bb36e9626be52c16fc861f39ad17,identical
21,4659ef2d11e9b8487021dbae855861bb6d1a3e4a84f56872900c137ffe823e13,-T ps_6_0 -E main -O3,e28386b4e23b3eb1efd6cfc3c8c98239d5a1bebb3d53ff35226dfc95a73b50b1,e28386b4e23b3eb1efd6cfc3c8c98239d5a1bebb3d53ff35226dfc95a73b50b1,identical
22,5c353fa540674a55668138e2eb2e32bdbcab3104313d78ffc5d52154de2ca47f,-T cs_6_0 -E main -O3,e0b08b07a8cdba85fbfa94ca885599bd7140c62494dfa2cb6c1bbe92e6e991c5,e0b08b07a8cdba85fbfa94ca885599bd7140c62494dfa2cb6c1bbe92e6e991c5,identical
23,e44a767be72495eb5a1b9570095dd5806f28c44e9ee54c64f0b750d8d0f9764b,-T cs_6_0 -E main -O3,cb5d25ef46918ed851b00d9db2f27d09a90b1c55415c727292bea6df0fcbec5e,cb5d25ef46918ed851b00d9db2f27d09a90b1c55415c727292bea6df0fcbec5e,identical
24,84c30c5975830bd84524b9b694ec1c7565e66ca817f553ec78029dbbe47ae950,-T cs_6_0 -E main -O3,782286fb3f626167919a44ba6e88895586ddedf50d358f6c623189b8ea232cca,782286fb3f626167919a44ba6e88895586ddedf50d358f6c623189b8ea232cca,identical
25,3583c9ceb92a8da1ac620f03a6023c3ef3080bf9472661905de5575a059974a5,-T cs_6_0 -E main -O3,453c25299b6af1b0b07aa2b2589ce4b660a90bce999634b9e1d5437cf112b6ca,453c25299b6af1b0b07aa2b2589ce4b660a90bce999634b9e1d5437cf112b6ca,identical
26,f2d7b8f8cd546d93d9576e62b500d793666368008f8541f45e232bc34600b069,-T cs_6_0 -E main -O3,715a6f4f55bafd57c1a55be4cc17010e976db7c505a37994efcee58efe0f01e3,715a6f4f55bafd57c1a55be4cc17010e976db7c505a37994efcee58efe0f01e3,identical
27,8a28cc10377e2ca52b5f5f6af01440bdfc5831a4851e8a7da0b7b80ebbca61f5,-T cs_6_0 -E main -O3,3f4d3b7920b7bfd5da9cf579ddbdc0cc97221d210b6a4f3b7f5a1c2a52d8ed29,3f4d3b7920b7bfd5da9cf579ddbdc0cc97221d210b6a4f3b7f5a1c2a52d8ed29,identical
28,fec8a681e8607fa2aa0c8372a8e1f04382d8a2af6ad5fd8d00e6f103ab9dd24d,-T cs_6_0 -E main -O3,ea6aac5ee16f763dab48a9c3b1f5de5d9ecd0c80af3a1aa946c885b9eb1dc50f,ea6aac5ee16f763dab48a9c3b1f5de5d9ecd0c80af3a1aa946c885b9eb1dc50f,identical
29,45710ea7c9ff03cfac902bf7749766a29d0adfd14a60ccb6dba4c411857c8d89,-T ps_6_0 -E main -O3,59b7bba7f0c8509b872275b8b42b7b0d79ccc22f19d56713e20d76938c4e2aca,59b7bba7f0c8509b872275b8b42b7b0d79ccc22f19d56713e20d76938c4e2aca,identical
30,05eed0513b859a5a40d9f1b46567d49f17f3c191de50a7b802a2384648e67e3f,-T cs_6_0 -E main -O3,424fd894fdc81ffdc481560ae59172051699c0ddb9bd016610e2955c09a4f803,424fd894fdc81ffdc481560ae59172051699c0ddb9bd016610e2955c09a4f803,identical
31,e9115261b0756c2fad42c770c12c2438a0f5e927cad54865c5aa4f2fb91b3b8c,-T cs_6_0 -E main -O3,871d2bd983ab4d0088a5196631b1833516f62c938e790fbd0cd657843f670ecd,871d2bd983ab4d0088a5196631b1833516f62c938e790fbd0cd657843f670ecd,identical
32,f68f0ae5121a90068797835b479b673abfd53cfdbfe8846a2d1700ef8e3b3c57,-T cs_6_0 -E main -O3,3cedaf5ad06a8897451f195f07c1484a32b37e0b911b3b6ea245fd6b29ddde9a,3cedaf5ad06a8897451f195f07c1484a32b37e0b911b3b6ea245fd6b29ddde9a,identical
33,bc5fda37de6dfd9ce35bb0a46ce7283a35d530597531ca0022f3db306c731bc7,-T cs_6_0 -E main -O3,7f447cf6077e1f4a8e1beb0a7f0efa449f2972ac8fe22859f7cfa753860a6653,7f447cf6077e1f4a8e1beb0a7f0efa449f2972ac8fe22859f7cfa753860a6653,identical
34,ffee21866e9766229dabcbb55494a50ebc46fe450cce3f5e5f40b90a803b2d9b,-T ps_6_0 -E main -O3,0ea22ced82c59dadad4ab8e6d564082baa41874dc15292f1586df161e8272a93,0ea22ced82c59dadad4ab8e6d564082baa41874dc15292f1586df161e8272a93,identical
35,0d4845aab4315024114f585371e200a4a0285e1cf98a7e1a24f8d5e1f2c40b72,-T cs_6_0 -E main -O3,9552544fdd2e566e7a986b90d9bbaf92a65668379e59e49f82f1b5c2f5885c8b,9552544fdd2e566e7a986b90d9bbaf92a65668379e59e49f82f1b5c2f5885c8b,identical
36,f04344b9de825f2468c92a45d2db78c455b1b001ee09cdb95f7412f706867b76,-T cs_6_0 -E main -O3,adb75b102541417813855cbb20589c7786e41147060446a01e76f22f745055fe,adb75b102541417813855cbb20589c7786e41147060446a01e76f22f745055fe,identical
37,5552fcb6c1f4911fd66ae9884dac29933896ea1ac50b0e0bc7e57beb5da6a2f1,-T cs_6_0 -E main -O3,76067e6d38850d8accd22b3271bc2fe0c5835b32a4b67ae5124473f9a19f4b70,76067e6d38850d8accd22b3271bc2fe0c5835b32a4b67ae5124473f9a19f4b70,identical
38,be930e06134d88dc9653e8a72f8392f6d92e67a66fe553f1e3ba1d24bc4ac61b,-T ps_6_0 -E main -O3,5b2bdac11bd773ade62ca32820840a93ee2f1424ca453bc24858a2b14220cbbe,5b2bdac11bd773ade62ca32820840a93ee2f1424ca453bc24858a2b14220cbbe,identical
39,6464bac3adfd2de8230815e3aa23d8ef04ec751410ff4a13eee64fa6eda849f1,-T ps_6_0 -E main -O3,c0647b5baa13f059ae8a4011c93cccac2a9fcbf28e8814c78f07d5f3d204f22e,c0647b5baa13f059ae8a4011c93cccac2a9fcbf28e8814c78f07d5f3d204f22e,identical
40,e376020d9c22858b53ca79737a9b082c49f79b566a4593c34da6d2279ecbcefd,-T cs_6_0 -E main -O3,5af8b746ad01400dabb41c817f8e8df7bac4e4b116386ad82ced7af4337b6847,5af8b746ad01400dabb41c817f8e8df7bac4e4b116386ad82ced7af4337b6847,identical
41,b0d3ebc7e6c139787d7847fbca9982a327ad6b569fba7172c4662e43dfe4f0e3,-T cs_6_0 -E main -O3,f9af7636910dae0211820ef834f5fe60d3b1cb640ec968389a3c596ddb73cbec,f9af7636910dae0211820ef834f5fe60d3b1cb640ec968389a3c596ddb73cbec,identical
42,a50dfe8f03f2ba1e9cf799bd49d4b989ee1983c621afa0b4f32b2e43d44b0395,-T cs_6_0 -E main -O3,bf1f60b6ca69c58c4af7279f15ab72edfb9eb9590855bc0213d6c160d151d238,bf1f60b6ca69c58c4af7279f15ab72edfb9eb9590855bc0213d6c160d151d238,identical
43,fe438bb71129dbb76aeb88f4631128c2eeb58509fcd1fc3e8ce27edb2d9b135e,-T cs_6_0 -E main -O3,3c3cd67d6c9975e89c81cc36d9505e5040c69967cb8ac4163f7a9d7fe1e1ef60,3c3cd67d6c9975e89c81cc36d9505e5040c69967cb8ac4163f7a9d7fe1e1ef60,identical
44,b0922a294ab338227a26fdd06cdaaf536e593f4b247e2fd0b2b85f22770f4fe7,-T cs_6_0 -E main -O3,e9fd55cf9dc2264844af401c1db0e7c20494c24f70724c7dd80618fe08c1d7a8,e9fd55cf9dc2264844af401c1db0e7c20494c24f70724c7dd80618fe08c1d7a8,identical
45,d200e5b7820b8119bc1db467d8f9959a59cfa7a7c4df0c83b574a694b80fa65a,-T cs_6_0 -E main -O3,e4f7305886b778b2976582abc1a34a03e79714654b67a5abfecd01bb3f7bd933,e4f7305886b778b2976582abc1a34a03e79714654b67a5abfecd01bb3f7bd933,identical
46,b24925076f440f0d51ef75ff5ddbf8698a53dc6e411db88f9175bba222f96e95,-T cs_6_0 -E main -O3,f345e7eab0d80b108546b260e0b03659e8e6400013ef9167d4143a3167f1e134,f345e7eab0d80b108546b260e0b03659e8e6400013ef9167d4143a3167f1e134,identical
47,c1dad304ee9cce880bcb0c97e33b8848b3b4754b85fd449d5ea5241630dc10df,-T cs_6_0 -E main -O3,9f4bb00561b95dbf4df2ddafe7e23e4b6584eb0be2a0d6ac9e47a681911c1b46,9f4bb00561b95dbf4df2ddafe7e23e4b6584eb0be2a0d6ac9e47a681911c1b46,identical
48,254856e138b42ebe49f24a8de6c0e815979d070d71b6f4d546de6a058ba3c94f,-T cs_6_0 -E main -O3,25234c9f82c29fc247c745169185fa43f17a2f4d6411adb369613f4a28c7b976,25234c9f82c29fc247c745169185fa43f17a2f4d6411adb369613f4a28c7b976,identical
49,e53648ae974325b3987043a0e796007a3527a74fe2f28a6a579d23bb3b365489,-T cs_6_0 -E main -O3,9f4bb00561b95dbf4df2ddafe7e23e4b6584eb0be2a0d6ac9e47a681911c1b46,9f4bb00561b95dbf4df2ddafe7e23e4b6584eb0be2a0d6ac9e47a681911c1b46,identical
50,254856e138b42ebe49f24a8de6c0e815979d070d71b6f4d546de6a058ba3c94f,-T cs_6_0 -E main -O3,25234c9f82c29fc247c745169185fa43f17a2f4d6411adb369613f4a28c7b976,25234c9f82c29fc247c745169185fa43f17a2f4d6411adb369613f4a28c7b976,identical
51,1d395004f9ee135f3177585fade4613eb76c35ffc7b5211ba39c5ddc132324a0,-T cs_6_0 -E main -O3,17e27f5e84b88ee5483d96972d13389f3ec07d3fee522aeafe268308fcfa8774,17e27f5e84b88ee5483d96972d13389f3ec07d3fee522aeafe268308fcfa8774,identical
52,3ee9de733f7e3e81fe3be3876863e512b47e8fc0259a429005e4c24e7f2c670e,-T cs_6_0 -E main -O3,ac13dfdb612a6bdfee848a72b4007f0c0508a2c8d76049fac2db31ad20db1158,ac13dfdb612a6bdfee848a72b4007f0c0508a2c8d76049fac2db31ad20db1158,identical
53,5f5233b74424f44105ac7a4d5b690bff0ac032060fa82c3677ed660a284c5add,-T cs_6_0 -E main -O3,e2acf0ac354b0a514d3dbd52d014f7bce33c9202a2f7b422341a2911a468548a,e2acf0ac354b0a514d3dbd52d014f7bce33c9202a2f7b422341a2911a468548a,identical
54,a24d75cfd83dc5a5d50a48c7da0d09a30733baf9dbaf9cca5d9f1809fd2b5335,-T cs_6_0 -E main -O3,fb529309aeebfcee1871dfe9f731d239ebc79bfe1ef902b0ee4b32e71d2c57e3,fb529309aeebfcee1871dfe9f731d239ebc79bfe1ef902b0ee4b32e71d2c57e3,identical
55,3013ef6fbdef7902506962d82bdd1de3dab9fb935dd0edc7f4615a8a4ebacf28,-T cs_6_0 -E main -O3,48ecd53d89605f86d1fe8296e411768d010f4530c35dbc3a3c423dcd93eda667,48ecd53d89605f86d1fe8296e411768d010f4530c35dbc3a3c423dcd93eda667,identical
56,d7c81b5ddb2469fa05a8e49c6adfce1cccfdd300da54723194ae812af41e502c,-T cs_6_0 -E main -O3,01340a357a5afb2d73406c29717c53eded5fabb4107d44c425708013b21f5d14,01340a357a5afb2d73406c29717c53eded5fabb4107d44c425708013b21f5d14,identical
57,7a256b85d1db21d15d5cd697de686ec7555be24940a8f48281ae53b6ee07f9e3,-T cs_6_0 -E main -O3,9da5e633de7a0da380ebba3ed9230f6645ea7765e84479453bb9442f9f3dc24b,9da5e633de7a0da380ebba3ed9230f6645ea7765e84479453bb9442f9f3dc24b,identical
58,1e96517b9ff84011732f19e0f6a5bfc4b82e491cdd30e98f8c11c3d4a0bb86d0,-T cs_6_0 -E main -O3,59446b26bbffd594d3c02f66f6609b9799a0c46e7e85ef18b450abd2367a3404,59446b26bbffd594d3c02f66f6609b9799a0c46e7e85ef18b450abd2367a3404,identical
59,90a6ee0ecd06a41c804c681916f07d77a38ccba839e223f6c79f70e663b4984e,-T cs_6_0 -E main -O3,1cc67af4a5b5c13f6c0af711d9bfa953aeab06c48bb1b34fdab297a3317afaea,1cc67af4a5b5c13f6c0af711d9bfa953aeab06c48bb1b34fdab297a3317afaea,identical
60,f9490a440e5a2d9bed9163a508b094035acbc86078e67d5f7ff1423c708e18b3,-T cs_6_0 -E main -O3,f43f48290335c9ab12680d5339208ec2c69ed5d8b8f733f168fe4bd8406284b5,f43f48290335c9ab12680d5339208ec2c69ed5d8b8f733f168fe4bd8406284b5,identical
61,d74e17d501d9a985e9bf32d2a3c1e21737a987b03e6d93378fb39c3eb510b3ad,-T cs_6_0 -E main -O3,da37301929b57950b55162632318e84964e7199f09ed83d8af99366177a39cc2,da37301929b57950b55162632318e84964e7199f09ed83d8af99366177a39cc2,identical
62,f02138581bbb9d387fe2e6eae6abf401cc6302c270c34a514fcf67a378d95e0c,-T cs_6_0 -E main -O3,7c4b4d099e5ca7fd10fbce0971fcd02dab4cb8df476824f787411ffe41cc72c3,7c4b4d099e5ca7fd10fbce0971fcd02dab4cb8df476824f787411ffe41cc72c3,identical
63,6bb52f5df5bafd06398d015e18ab80124a719f555e9c317d7c1759a9874c001f,-T cs_6_0 -E main -O3,ef2468ea2d5759bad701b82022090dcc068e39ddbaf9d5c23c60d235fe212dad,ef2468ea2d5759bad701b82022090dcc068e39ddbaf9d5c23c60d235fe212dad,identical
64,a6c4050abbd4d76387763e76bc8e028f8d6752c591f8be902e50b7c451e1cb27,-T cs_6_0 -E main -O3,fbb7559ce1b139e99ab8dadcd86517459c597d5babfd2540dd025a0e8525ddf3,fbb7559ce1b139e99ab8dadcd86517459c597d5babfd2540dd025a0e8525ddf3,identical
65,ee4a6a849a9b7a2159ca63417c2c02c712ef050eea3166a072a8efd641aacd76,-T cs_6_0 -E main -O3,42b17363001e8b81eab99940abf067a8e93bb9ab4daaba0a6fb09558e88992b0,42b17363001e8b81eab99940abf067a8e93bb9ab4daaba0a6fb09558e88992b0,identical
66,5a8e1e3c4cb774297397ac437d086bc30cf4e35057e1b0bb4d8c828bcf3d907d,-T cs_6_0 -E main -O3,16d5b582407a9c2780806eede3087b1f3cf9b8f4ea5f113970ac3935a301d3b2,16d5b582407a9c2780806eede3087b1f3cf9b8f4ea5f113970ac3935a301d3b2,identical
67,0ec4c7fe91eb0acd4a1636c9c841256c28559c5358a6a0bdd2c7a9804c1bffd2,-T cs_6_0 -E main -O3,9ac8870791ce674c4b42931ca0aa59829838ff6310a1699ab757064cbf1abe4e,9ac8870791ce674c4b42931ca0aa59829838ff6310a1699ab757064cbf1abe4e,identical
68,06d87e614ecd12b002ae49e3a47439f640bb5ac37ac3eb2cb47a7c464362e10a,-T cs_6_0 -E main -O3,6bfed4c5ec3d8518cde44def89b7b15609ac825b37c38b5bf26cfe22b63779af,6bfed4c5ec3d8518cde44def89b7b15609ac825b37c38b5bf26cfe22b63779af,identical
69,f7ad685daeac29a9fafb1ba101ec5466882346f36f6dab6e923513e6b247b111,-T ps_6_0 -E main -O3,80e067daffbf843029159a99c223d2ce134813915c5281b4abcfdc8ae33315bc,80e067daffbf843029159a99c223d2ce134813915c5281b4abcfdc8ae33315bc,identical
70,d537f25d7358d7634d612711e973bc517ffddad724430b795887eede7d88b907,-T cs_6_0 -E main -O3,494929896667fc97bb2c20c8a0d3e781aa8043fa6e5210e611806095bf7fde8e,494929896667fc97bb2c20c8a0d3e781aa8043fa6e5210e611806095bf7fde8e,identical
71,e3085eb2213c1b25ef96158563fef4cd777169d80588a0433abcaa789998f120,-T cs_6_0 -E main -O3,56ffc06bfe7c13123db068ff967abf5c93c6e18b40150038036b9d0fda99b085,56ffc06bfe7c13123db068ff967abf5c93c6e18b40150038036b9d0fda99b085,identical
72,c8b2337cd99959b963654a1573ba9224f62f53ab658869ea82580770c7192a40,-T cs_6_0 -E main -O3,431168853b1297420b550bade835f8676ccdbbefe10a119782c56fac228eb10c,431168853b1297420b550bade835f8676ccdbbefe10a119782c56fac228eb10c,identical
73,8b0942e7ecb02e98874a450c225b7f52a08c5a473a90f8572e6c3b0ab0beeb8e,-T cs_6_0 -E main -O3,73f40275027cbfbdd783945b04c7ff96657120d5a396973911606038c1ec3226,73f40275027cbfbdd783945b04c7ff96657120d5a396973911606038c1ec3226,identical
74,6d1ab1ddee8bf08674caaf14fb611b9a8846fa58b5a9a0382fbdc1c2293b52e7,-T cs_6_0 -E main -O3,d561017c693d04e55e0340f1451f189c63b066ca90542ae6382c960c3207021c,d561017c693d04e55e0340f1451f189c63b066ca90542ae6382c960c3207021c,identical
75,7288e9cadc61927db1947fa97365d05efb280ea782b1a20dad85bcc92710d1c1,-T cs_6_0 -E main -O3,5dcb067e87c9a2aaa10d478fbe7f8201184a26af8d648b9101dc04d8146e7224,5dcb067e87c9a2aaa10d478fbe7f8201184a26af8d648b9101dc04d8146e7224,identical
76,fbde4d5c2b91ab76951b736795158e8ddb19e4403d12afa40a8eb470a25c88f2,-T cs_6_0 -E main -O3,0d76f5437b8bffbea502cfecc5f8f87e2e7b5c577dd1ea5505a1c58dfdafa1bb,0d76f5437b8bffbea502cfecc5f8f87e2e7b5c577dd1ea5505a1c58dfdafa1bb,identical
77,914b4da8daed543a7cf6a52e24203c31baa4e27ae58f652077e5e1f131add0d2,-T cs_6_0 -E main -O3,17bbce8a88431144b40c5022e3d97aa9f23587d3392ef23a5a979fd22b8c415e,17bbce8a88431144b40c5022e3d97aa9f23587d3392ef23a5a979fd22b8c415e,identical
78,69fd48644e3543062e0ef9787d175a469a7f1f8114694c0b07003b94f988fc6e,-T cs_6_0 -E main -O3,a4148bd584169f5b184d8bcead84d898d1616e0d0fa82982b209ea450fc3c9da,a4148bd584169f5b184d8bcead84d898d1616e0d0fa82982b209ea450fc3c9da,identical
79,7275ce436e2979f8d2a17da79f4f8f2bcbc0023c3b37b1d1bc7811eb56062935,-T cs_6_0 -E main -O3,1f0a43b72756c3338407f18e9ce3b4680fb078c80f82df03018e61d549f7852b,1f0a43b72756c3338407f18e9ce3b4680fb078c80f82df03018e61d549f7852b,identical
80,5d487e006e1a45824ce00254debd967f866bd03183dcf834f743d29de49f66f4,-T cs_6_0 -E main -O3,ee9e818afdb3c433653030ca836113d103109b101f8271c016c4ebf1081647cf,ee9e818afdb3c433653030ca836113d103109b101f8271c016c4ebf1081647cf,identical
81,1b0f522b8f274f713677f2f83f10c0c72653d9c88a9fd476cd990d15a1681cd2,-T cs_6_0 -E main -O3,d00addb54dfe12814f777d75696d014bab098405015cb1b87892c1cd9cfdae47,d00addb54dfe12814f777d75696d014bab098405015cb1b87892c1cd9cfdae47,identical
82,87f6b37cb42392c7a44ee1ae34381b416acd114706edd7264456b01483d47f42,-T cs_6_0 -E main -O3,b15ebb5199403b41409c4542cd9026615443412dee829fe03b4cbccb6f346514,b15ebb5199403b41409c4542cd9026615443412dee829fe03b4cbccb6f346514,identical
83,4c208c96ea0a8ecd2b71743e3c543cd84e46e6dbb63a23b7017aa62b91fb8b76,-T cs_6_0 -E main -O3,a206c9f3bda988158d5dd4ede3470669101a4a0ee814184c72a8449649d94ff7,a206c9f3bda988158d5dd4ede3470669101a4a0ee814184c72a8449649d94ff7,identical
84,658d41bada7f3c101ed44b30a8427792493b5eb55dc4bd31ea0c10ca6e6c8089,-T cs_6_0 -E main -O3,b0d5c6353e9b3a214b55659b032999a47d9eb0ef7cbce910c881b74628a2831c,b0d5c6353e9b3a214b55659b032999a47d9eb0ef7cbce910c881b74628a2831c,identical
85,3f0223545ede656be5d6cc9fbd290d7a9b8c6a5ba2778e94edbf6b89519728aa,-T cs_6_0 -E main -O3,9dd90e8fe19672bda674c26bbb3e71641fb05e05693eb39a2260985e18f2a957,9dd90e8fe19672bda674c26bbb3e71641fb05e05693eb39a2260985e18f2a957,identical
86,d50b7112bdc52bfbf9dd3973430b741476629c3b1b6b5fdd42cbf409b6780e2c,-T cs_6_0 -E main -O3,db6d11d5b2a4712c4d8528270b4a7371f6c976def61a49bd7f079f3611a0bc67,db6d11d5b2a4712c4d8528270b4a7371f6c976def61a49bd7f079f3611a0bc67,identical
87,4d95c098ea288093636205bdf844ed93e072d4c29b89a621048436d7ceb94611,-T cs_6_0 -E main -O3,8b38d74f8aa2409a8c8374230b7266c18ddc1d94930d2eda2d89cc5e09105ba2,8b38d74f8aa2409a8c8374230b7266c18ddc1d94930d2eda2d89cc5e09105ba2,identical
88,d8458fb342a13ff9a37fbe527382b5b94ab8c747605fd208719eeb7ab86f79db,-T cs_6_0 -E main -O3,58abe1aca4d3fb2db1fd2a8f3fc67e7cc2c6fb6f528c8e27f7ed28da290960ad,58abe1aca4d3fb2db1fd2a8f3fc67e7cc2c6fb6f528c8e27f7ed28da290960ad,identical
89,676c5774a736a5017c6dbe0d1d345bbb2d40e4b2cf31cf87b8c73651bc4a317b,-T cs_6_0 -E main -O3,24e0ffa1b1b7372046326a18fae5409e2e8c9923ff3f680cbbaa1c6c46444626,24e0ffa1b1b7372046326a18fae5409e2e8c9923ff3f680cbbaa1c6c46444626,identical
90,9437283bef664bb8ed02cfbd8cfc1a593832e74a8a3d9262fd54f8a81c1a384e,-T cs_6_0 -E main -O3,403a47932621b2687f0b051e979a11330f0ceca12adcaeb5e0295c5ce028cbd0,403a47932621b2687f0b051e979a11330f0ceca12adcaeb5e0295c5ce028cbd0,identical
91,61ec9c7ea7a1fec8499c9ef65c480272d4f215a4fe0fbced2c2f4603274bc905,-T cs_6_0 -E main -O3,542b4323c4cf99fe8735847a1c35635b0e609bd48c429af5ec8b640fc5165dcb,542b4323c4cf99fe8735847a1c35635b0e609bd48c429af5ec8b640fc5165dcb,identical
92,e8fe45f16d185b6a5219b4b725c56d304332d6e99de206a0e7c399e96524426d,-T cs_6_0 -E main -O3,dd56110250b23daea7aacf2f02811c00d31dbfb2b55694269030aa10e331e85c,dd56110250b23daea7aacf2f02811c00d31dbfb2b55694269030aa10e331e85c,identical
93,02175a5778d35220e3980a0f97fb7d4fe621ecd45ad71ec33f11c1803528769e,-T cs_6_0 -E main -O3,2793001b62e0b75e86ad9de041761dbef7c33d2d7390e2c9bd104f4dd0aaa42f,2793001b62e0b75e86ad9de041761dbef7c33d2d7390e2c9bd104f4dd0aaa42f,identical
94,81264353f4cdb8bdb7b8dd7b72550f30992ed4dc38ead6671ddca3d3365ad5c8,-T cs_6_0 -E main -O3,5747e5bb41a2d35e5274afbcb237a53ac95ace6b09ab1101880482ab8059d6da,5747e5bb41a2d35e5274afbcb237a53ac95ace6b09ab1101880482ab8059d6da,identical
95,fb8552bad4c7c4389843cfe51beb3860ad7b8aaf429de546cbece84eea6681f5,-T cs_6_0 -E main -O3,3d382f7f996becfaa354d6cdccdc147c0b57164e517c0c03d0c22c86de64fca9,3d382f7f996becfaa354d6cdccdc147c0b57164e517c0c03d0c22c86de64fca9,identical
96,2db80fbd68c7854dd6f909c48780c5795c786d9fff8d6d24f314d0b606ef1ffa,-T cs_6_0 -E main -O3,2608d296897a03db50f9e3366c1b12d6a651a59a04a92069530e20f4d009f829,2608d296897a03db50f9e3366c1b12d6a651a59a04a92069530e20f4d009f829,identical
97,0a363db09d10caeb3e2310508f9448a76593ca85324dfe0667f3069746bee8c2,-T ps_6_0 -E main -O3,f66ecc27ea3c9e5051f1c90e171efd7d5fc4b241bedd6d976437ef4795b45c38,f66ecc27ea3c9e5051f1c90e171efd7d5fc4b241bedd6d976437ef4795b45c38,identical
98,db7df1c108da797eec75b8732085ce6cfae20388fb8e0f5ea0fbdae211a07c82,-T ps_6_0 -E main -O3,969f187d99a1b267d133100f8a4148c41d3c7d7ca0a267931bb6546c68a8ba6e,969f187d99a1b267d133100f8a4148c41d3c7d7ca0a267931bb6546c68a8ba6e,identical
99,ad9b0858e82f69bff033ba18c7640b2a36bfbc9a84263cbb76f2a0e6a3561898,-T cs_6_0 -E main -O3,b94a8853c87fa33cb93e34d6c3e967da0d251ccd3fbfce6a5307e6557cbc2ed2,b94a8853c87fa33cb93e34d6c3e967da0d251ccd3fbfce6a5307e6557cbc2ed2,identical
100,e727e8a182bec2495afb1e41dbb6e7c8e50af2d5e12903bdcdd93b726cb4ee2a,-T ps_6_0 -E main -O3,129953cf874b01fd1971b9631d508f3e0f621ffa5461a10be19f208967d03dad,129953cf874b01fd1971b9631d508f3e0f621ffa5461a10be19f208967d03dad,identical
101,3baaac5e807c3442359ed62376205a9c7c56d96b48534005e4db861a5eea19d3,-T cs_6_0 -E main -O3,c7d5670c1f45309b305940649d9be32df8f801507077630e45427773dae484ae,c7d5670c1f45309b305940649d9be32df8f801507077630e45427773dae484ae,identical
102,210e15e215e2724974c6adc38e95a267782d319c6d60202ae9243f34b46eae5b,-T ps_6_0 -E main -O3,2dd0199186eca4b03ea75b4721fa809e02db796f2862788f7e7e909cf25384ea,2dd0199186eca4b03ea75b4721fa809e02db796f2862788f7e7e909cf25384ea,identical
103,72b7c8898a57eaa8cbc96260a2ae426e1d19728d470c9311d551e13d7748a33e,-T cs_6_0 -E main -O3,566f597ee94e2196136fecdd5520f1bca4ad7c651f59df3648dd973fd1f047bf,566f597ee94e2196136fecdd5520f1bca4ad7c651f59df3648dd973fd1f047bf,identical
104,2ed09a16a064d783440bc2ccb6f1f975016d1bac0be487756c7936e2951b2fa7,-T cs_6_0 -E main -O3,3336e2e739e05b2bd9df20625a28a3d2f5c96105d794067a6299de3a904029df,3336e2e739e05b2bd9df20625a28a3d2f5c96105d794067a6299de3a904029df,identical
105,7c1b733d6ee23f7399baa7f1770d5ab3333ef38e43b8708233796c8433b114ff,-T cs_6_0 -E main -O3,69e38951614d3edb5bb18682aa71e3d7f77130ff999e03e90681b69746985762,69e38951614d3edb5bb18682aa71e3d7f77130ff999e03e90681b69746985762,identical
106,bb2df6509a11de0bb06a30b1edeb041163a87ea01fb69693a74f27283139fa5b,-T cs_6_0 -E main -O3,17b06768693cb3a8a3c39c06a05d5f29198676c82354fd481455de59e004d2e2,17b06768693cb3a8a3c39c06a05d5f29198676c82354fd481455de59e004d2e2,identical
107,f3b01b954119bde3286c6dd1ab48b2158bd6673ea164cdf033d1c02063fb8b6e,-T cs_6_0 -E main -O3,c991e1533b59036a6269328cd981321b38ec1d05c7d18fea11f910bc272cbb63,c991e1533b59036a6269328cd981321b38ec1d05c7d18fea11f910bc272cbb63,identical
108,86e7b7d403e5aa7921df4a8e93a5d73bc164fc49fd2bcea7f5c1ae8fab6c137a,-T cs_6_0 -E main -O3,be8d226311c48003783164109479d3aefaef28e95c323bd90d4ae918b225904a,be8d226311c48003783164109479d3aefaef28e95c323bd90d4ae918b225904a,identical
109,d1fd5e6dec7ecde18a175492c0ff1ed3eef6898f35919e09adf701f25fd58a49,-T vs_6_0 -E main -O3,5af64c3861c901d7ea14d0a022a106bb9477098d3d944521d330ad34a5953f58,5af64c3861c901d7ea14d0a022a106bb9477098d3d944521d330ad34a5953f58,identical
110,83e2df104ba7af420ee8174ecce7ecacc7e64df9e274934452daff8c54abd520,-T cs_6_0 -E main -O3,e794b0ea6903d9472be80e3e43a8f19d16fd7d74529be6c1352cd688a65f4438,e794b0ea6903d9472be80e3e43a8f19d16fd7d74529be6c1352cd688a65f4438,identical
111,5d3708c4dce87a4589916441b5f9d9f6c876d37aa42d95c3e23f459dd15dad59,-T ps_6_0 -E main -O3,950b1dfedd808d232a845256649568c8d577d0dc9fba6ba4cc4629a1a2571d92,950b1dfedd808d232a845256649568c8d577d0dc9fba6ba4cc4629a1a2571d92,identical
112,99d3ea487b85a0ea8b999e08092f1cc8939a677107537e063e8b765a9671668e,-T cs_6_0 -E main -O3,ed73d3e544ca2b02a1fc188eb1f493dbacc6abcd83a7497dc27595880b334429,ed73d3e544ca2b02a1fc188eb1f493dbacc6abcd83a7497dc27595880b334429,identical
113,d7a9d30b68bf37faf6c34e342911e1732d0f92a36a29903f624591aded862ce9,-T cs_6_0 -E main -O3,51c7098cbd8408db1befa9309b6a071a0da39baaa3dbd3f4a5d9fc6263d01881,51c7098cbd8408db1befa9309b6a071a0da39baaa3dbd3f4a5d9fc6263d01881,identical
114,0dd7d58a54c596cf23abed752ca5e11e6c1b5de17c8d58c5ba27193a55a226e1,-T cs_6_0 -E main -O3,1b8053bd3afda3d90aeb31784e65afaae57e2ee9c8020da9a5d5769b05e6727e,1b8053bd3afda3d90aeb31784e65afaae57e2ee9c8020da9a5d5769b05e6727e,identical
115,10e9d55a2fe92a1855e5dddd7beb8b467007fffe8e34b1005c9e04a2d9e9ed7d,-T cs_6_0 -E main -O3,6db87a6d5448e44a2bbf51c0aa4a4adbcae2315f5f5bf39d17eafcecf3481de2,6db87a6d5448e44a2bbf51c0aa4a4adbcae2315f5f5bf39d17eafcecf3481de2,identical
116,5b793ddd2c082a8a814c3043f6c54013eae516851e81cea9acc4afd841c64f43,-T cs_6_0 -E main -O3,6e604534ccc97b400d0cd95656454607fc8c3d9fe5f8216f1c05b97921baf341,6e604534ccc97b400d0cd95656454607fc8c3d9fe5f8216f1c05b97921baf341,identical
117,acec514100675d1c2309aa0d8cc6be03cb494fde44dec31e6f1c18bc883b6a90,-T cs_6_0 -E main -O3,ed83ecd5426f4192b6b28cac78d8f34b5fde724b67c47bbd06f96c699592f2c8,ed83ecd5426f4192b6b28cac78d8f34b5fde724b67c47bbd06f96c699592f2c8,identical
118,bce8d26323643a77f8b8f169c6fea830baa907c3971325a31f1b575cd6b39109,-T cs_6_0 -E main -O3,94b036ecb4a467e2440e52bd7591f90e67a76cc404114992dab3b9c77b5e4e54,94b036ecb4a467e2440e52bd7591f90e67a76cc404114992dab3b9c77b5e4e54,identical
119,d2010dd1b4dd90fb84d331fb92c9cac5422a12fc807bf2bebb5f23c82e6d691b,-T cs_6_0 -E main -O3,41c32ccea144313bfa2b4faae5e2ad95130eb822c1100d6813d28ab9d896423a,41c32ccea144313bfa2b4faae5e2ad95130eb822c1100d6813d28ab9d896423a,identical
120,3c9fc4d49b257c6273443df1de3fb0e3297dd1bfd15cc90048a74bb4ff44c136,-T cs_6_0 -E main -O3,e019db196a0951aac7c2f36c4f0b39410b66913301ad48e84a1164e1cfa17650,e019db196a0951aac7c2f36c4f0b39410b66913301ad48e84a1164e1cfa17650,identical
121,635ebc167c5332bed303431e22bbe51b75becb63c7cf33569b7be848dbc7073c,-T cs_6_0 -E main -O3,36370c67f521373403926b271b0ae9c5d72ae16a4e65ee33849d0ac4e504f540,36370c67f521373403926b271b0ae9c5d72ae16a4e65ee33849d0ac4e504f540,identical
122,d47356a571c96a6114f1a445886b26556a991613649527b6da945891b55e0dfb,-T cs_6_0 -E main -O3,c2ea17e6850574521a330677affd41333e89e022844d433cc4a0c3d0a05c53e9,c2ea17e6850574521a330677affd41333e89e022844d433cc4a0c3d0a05c53e9,identical
123,ad5817032d1b05f862a88ca5f6625c2b1f693671140a3d69bce04867375c7184,-T cs_6_0 -E main -O3,2805adac60038612eea3462551a6b3a18c3d1706354d4b75bb7e37fa0f136ede,2805adac60038612eea3462551a6b3a18c3d1706354d4b75bb7e37fa0f136ede,identical
124,52a896b5f302f4632abd4299d66120433b3cc86f233634a79b071f553539e4f2,-T cs_6_0 -E main -O3,c37077a5cbe04f3a1ffe6e069c0dbbcad17dc22b5fe1e55a697fa481e5432996,c37077a5cbe04f3a1ffe6e069c0dbbcad17dc22b5fe1e55a697fa481e5432996,identical
125,f742f18f5d5a86655e1053d96e48c8e73d57fcd6c289b40a4eaf3c4849175aa4,-T cs_6_0 -E main -O3,71cca652d202559c7295abd2bb6ffb7371dc7dbde31e46be73d60ee0616b4aab,71cca652d202559c7295abd2bb6ffb7371dc7dbde31e46be73d60ee0616b4aab,identical
126,39522f5c8cd73d4d0bbfe63f8c192f376dff5b6bf649d3fd026b5b185a8f94ed,-T cs_6_0 -E main -O3,103042c4d223eb40c3697a62faabceebd240b16017c6e6e8a4191a3253f42d52,103042c4d223eb40c3697a62faabceebd240b16017c6e6e8a4191a3253f42d52,identical
127,453536e7d82ad9c2fce55188cef2392c2c333e5adbbf0cf5e192b5520e13ed21,-T cs_6_0 -E main -O3,8337904c5cb3c56f33bdf75fc8f012b440fe39ee1cd8e3e5c0adc980e9d401f6,8337904c5cb3c56f33bdf75fc8f012b440fe39ee1cd8e3e5c0adc980e9d401f6,identical
128,caaab4c0b45fe57b1abca743d5de14b30195b8e69a7ad720cfb5d6427bbfd062,-T vs_6_0 -E main -O3,fca9e635a3ed5fc692287fdb8f77fa1a8555013081f1003d822cb1661ac3ff75,fca9e635a3ed5fc692287fdb8f77fa1a8555013081f1003d822cb1661ac3ff75,identical
129,24155e7ce5fecc137d2e49fd903e742354af449da7c356280d7f66c106e26e20,-T vs_6_0 -E main -O3,e6c297e2c45b77f9b8bbca17d93d4d6a1190e8240362ff03f3b1018d20c067ee,e6c297e2c45b77f9b8bbca17d93d4d6a1190e8240362ff03f3b1018d20c067ee,identical
130,59f3aefdb9dd94c5b643cb3e0a341a12dc1081101b94f20168ad42f20af7701b,-T ps_6_0 -E main -O3,af1687bfee9f68fc86fd45189b93c46de9985ba1fdf2cc876bdff324ba1e8ad8,af1687bfee9f68fc86fd45189b93c46de9985ba1fdf2cc876bdff324ba1e8ad8,identical
131,78e930e46802f412dedb80e89a258aa5548ab7d7fa1294f9c03c16c187e5c24b,-T vs_6_0 -E main -O3,c4d75ce2e203a83578c83482768c89b1f37f0885792e9e0ff72ac55e50f15936,c4d75ce2e203a83578c83482768c89b1f37f0885792e9e0ff72ac55e50f15936,identical
132,9b576259902886590e520cccdaac0e7719af1b608d12c7c0d0c9adfdd5036b72,-T ps_6_0 -E main -O3,3267528ab0ec896913fa918eecf123ea79c6c83ee25b0c1cac6a5455e2d2527a,3267528ab0ec896913fa918eecf123ea79c6c83ee25b0c1cac6a5455e2d2527a,identical
133,497933beecc12a137651e9ea691234fd343decdc203f16a47b7457f515e22922,-T ps_6_0 -E main -O3,a781106c0a6e1a3a4311fabeef02bb049a374bb0ff86cf80da719b85bbdb6d62,a781106c0a6e1a3a4311fabeef02bb049a374bb0ff86cf80da719b85bbdb6d62,identical
134,861aa57ec02a39d92c656f3e20ec10dc1fe8c3bda8b6c90be1d630836156977f,-T cs_6_0 -E main -O3,de55dcdaa60920461e20bfe5a0426e0bd486ddb8e984c58cc64420ba27319750,de55dcdaa60920461e20bfe5a0426e0bd486ddb8e984c58cc64420ba27319750,identical
135,d1448cb1384b62c29c7bee3f17d4f476c33639c98e69097b5a92d65c954b1ea3,-T ps_6_0 -E main -O3,f9aad364c1b91e4252b1c406b99978d5a0caec939ce4c9e05f789d1afb9f363f,f9aad364c1b91e4252b1c406b99978d5a0caec939ce4c9e05f789d1afb9f363f,identical
136,d1dbae63483874d4fb96623a6dfa2da04b9c28d536e6ba60c90339a820489245,-T ps_6_0 -E main -O3,19328c01756053adadd2a837ee5c84c1366d9bb4efbacbbad8dacf2a7548639f,19328c01756053adadd2a837ee5c84c1366d9bb4efbacbbad8dacf2a7548639f,identical
137,d0d59c1dbb2280873c440bcda082939f637a4467ced21a367c3b24e8807bf516,-T vs_6_0 -E main -O3,aad9da93a98a8d6a8ec4c34a861086d04bf9be2d8a3c884cba8f72237d06c81d,aad9da93a98a8d6a8ec4c34a861086d04bf9be2d8a3c884cba8f72237d06c81d,identical
138,69b8f7b1028daf7c8ca7fdfd3ce2a2c9ce3cd1aca83b43ad8a4fdc99fe86551f,-T vs_6_0 -E main -O3,7811852698da6925af2e4ee8e2a70002a4ea52704a799c41bbb8dd900164302d,7811852698da6925af2e4ee8e2a70002a4ea52704a799c41bbb8dd900164302d,identical
139,4ab7d1e3610bd028ab81e8ab892770188df056abca1e1afb8ecb6dbd131d4d5a,-T ps_6_0 -E main -O3,46f0e78d18a51d960cf17de39133fdd8e6b397fd719735ff451a11b533d97b4f,46f0e78d18a51d960cf17de39133fdd8e6b397fd719735ff451a11b533d97b4f,identical
140,1ba64878c9476729c9bb50db8e36c4453ec9c459db145301416ab21cc727df24,-T ps_6_0 -E main -O3,e1f1d7aab8e4297f4a87ec4b6b5b8472b356f11bf7b209397300a127dea24a07,e1f1d7aab8e4297f4a87ec4b6b5b8472b356f11bf7b209397300a127dea24a07,identical
141,86fa43c242c8b16dd4840c04debb3b3da4c098062a318e6b585156d12ce4b50a,-T cs_6_0 -E main -O3,1683b8870a12873f6371b645bddbbfbd4df263cede5c7a2b52dc863673d5f91a,1683b8870a12873f6371b645bddbbfbd4df263cede5c7a2b52dc863673d5f91a,identical
142,63bbaa2add41a3b1482e0513df08cb2d365f68600705e4b12dda86bb576dc405,-T cs_6_0 -E main -O3,8d76bb18f1095151cb3ec836f10c91e7e7af1284c3f9a626c898d0bbcdd0a7a2,8d76bb18f1095151cb3ec836f10c91e7e7af1284c3f9a626c898d0bbcdd0a7a2,identical
143,931e23000e3bbf1dbe4b3b8c1bd9d81f23b1014302bcd7d3ac3525539d7cf84a,-T ps_6_0 -E main -O3,300568ec968347027991a3a0dbd8e589192be4d2f6bf009dc2942a37fdb7f926,300568ec968347027991a3a0dbd8e589192be4d2f6bf009dc2942a37fdb7f926,identical
144,88659a2edf3a911cdba7179ba7ce7d7a4cf44209abb0783466e0e627299a8aa8,-T ps_6_0 -E main -O3,b716e300efad2979a34799e48ba693ddfbd130bd2821c742b0f8790f11c4a0cb,b716e300efad2979a34799e48ba693ddfbd130bd2821c742b0f8790f11c4a0cb,identical
145,a17cc1d31e1b13795fed654a6b81c100a0556f19a614b0e90b883c33039af3e1,-T vs_6_0 -E main -O3,08c2211dbf1d36b3b0ea56f405396f14a55ff147108195b05d8647928a4957a8,08c2211dbf1d36b3b0ea56f405396f14a55ff147108195b05d8647928a4957a8,identical
146,3bb18501b615966788ed308a8c2378cd0f50eb12de6aceef3ce850191851f3d7,-T cs_6_0 -E main -O3,3c976c5ab2c827b29c0d66b74c23cd5ab8d4d01b78621ca256728c9aff60be77,3c976c5ab2c827b29c0d66b74c23cd5ab8d4d01b78621ca256728c9aff60be77,identical
147,d1c760cf3f560071ce10d91688f94833d35137ce89e39b8d7770082f5aa17593,-T cs_6_0 -E main -O3,b6569cd249efc9074298933571b3f88563cbfabe2a53629e2b4da55fd716b49d,b6569cd249efc9074298933571b3f88563cbfabe2a53629e2b4da55fd716b49d,identical
148,df2d9b341a2f641222e88ca8ef57f65678ae81ed2e2a4263f5ccc2042b1ac8d4,-T cs_6_0 -E main -O3,edd36af8c6c6acaa3fc458012ee142dde9afbda490e043d76f056ee04617df96,edd36af8c6c6acaa3fc458012ee142dde9afbda490e043d76f056ee04617df96,identical
149,f688fd72f519fb803c42b5ed1c4fb36bcb59eb083e20781fb664edceb00b7753,-T cs_6_0 -E main -O3,cdc2bff5dc2029b2a521fa0ab3d3b8f447d4bad1e7862b1b8ede5fe9106f0b58,cdc2bff5dc2029b2a521fa0ab3d3b8f447d4bad1e7862b1b8ede5fe9106f0b58,identical
150,100c93704554547dc7e6151a52dce2110f65b2173e2aaae912adcc7efb6ef11d,-T cs_6_0 -E main -O3,310d25c3969406a5e1f854975724848d092d8cdb7dff02463bc01ddfdb685456,310d25c3969406a5e1f854975724848d092d8cdb7dff02463bc01ddfdb685456,identical
