job,source_sha256,entry,target,flags,windows_sha256,linux_sha256,outcome
1,5eea39ba4dd012ac9370c5025304ccfe3297580eaedb983369914faa9fdbac5c,main,cs_5_0,8000,,,both failed
2,efcb4593ca0b74a4e9551e23ae7ef63c49fd53ba41df88a4c481c6ecf5bd77c7,main,cs_5_0,8000,531a89ddb3a6f3b6a52df973a6faee81171921cc2685b79108521b48acb2ddf6,531a89ddb3a6f3b6a52df973a6faee81171921cc2685b79108521b48acb2ddf6,identical
3,e3f3193b44c6a91e54d643f6775b3cb3f3f5b4b5eb1b414eb251a18468eccd37,main,cs_5_0,8000,4773933fab49dbda0365f21f589ea2ab21f7e46556e597babec833ca861cea1b,4773933fab49dbda0365f21f589ea2ab21f7e46556e597babec833ca861cea1b,identical
4,2bd34f9a53c3f2faa98c8a6bf0da7dedf05cd766c30623e0b4c9a9b073f751bf,main,cs_5_0,8000,17e180465b3a4671b176debf7eba5784bdbbef9e8b7b37efb2e0826b6cef9eaf,17e180465b3a4671b176debf7eba5784bdbbef9e8b7b37efb2e0826b6cef9eaf,identical
5,cc3a7e840e29183b4d22e82f760fffbb927209f2876218c19d92174b9155494e,main,cs_5_0,8000,9f22481a2f205f764b7bf1cd1caa997c9d25000b7ee3a3a7f67b8d0d76fb3549,9f22481a2f205f764b7bf1cd1caa997c9d25000b7ee3a3a7f67b8d0d76fb3549,identical
6,159200a6f3210ded134b6b388cb8177e5df8d10568e85f0d5ad0eedaef8a8cc4,main,cs_5_0,8000,2c3931c79bfac793f8bf69f44ccedcef1e9ff15444642c7f77a553963e313834,2c3931c79bfac793f8bf69f44ccedcef1e9ff15444642c7f77a553963e313834,identical
7,028648d4d18d5dfa826e07653ec69be70784a960fdd9c25fa0430aafd844a133,main,cs_5_0,8000,182e08095932ef8170a0bcd4e741a565e69709713ffd1ca4113c6131b306bd4f,182e08095932ef8170a0bcd4e741a565e69709713ffd1ca4113c6131b306bd4f,identical
8,b6d7e7e62c14d1ad34a2fc63eb8ed20e8ce8ff85e723d6e1f3a89ae8f2d39e6b,main,cs_5_0,8000,fe0f9cfb977dcca1b03f0b508eeaef5e185114e876f477683a81e8f0fa8c07ea,fe0f9cfb977dcca1b03f0b508eeaef5e185114e876f477683a81e8f0fa8c07ea,identical
9,1e44f9cf2d3ed006bfd2086b9c4e7672c6d6333756d78beb45016e5c8c7f8938,main,cs_5_0,8000,221d1922c998556de40cc6748c6b5d3ba5947baa5567568c088cac8cd8d897dc,221d1922c998556de40cc6748c6b5d3ba5947baa5567568c088cac8cd8d897dc,identical
10,1a66495efe0941636058c34b4881bb095d65cc76f66494cb7e2b62d2fe8c9517,main,cs_5_0,8000,,,both failed
11,d97aa33ac35efbcb3403e093a57cd81c94ae354dd66229d4043ca0007c3d969c,main,cs_5_0,8000,,,both failed
12,8fe6fc99ba16462b5b630e2ca9d2de906175d9f83cf9f645b5c46db7a0e44a80,main,cs_5_0,8000,0080dd5c64f966e9499f7fdb3df00e213074e64afcc7dbab3270b4e7bb5bc0a7,0080dd5c64f966e9499f7fdb3df00e213074e64afcc7dbab3270b4e7bb5bc0a7,identical
13,236686d829f43440164f5fbdb15525d63efcc97c08331ed1d9d3d1f80e5c861a,main,ps_5_0,8000,,,both failed
14,9e445c279748b69a3f6b4cf1c60704657fe46e6ce5942774d9476b83182fd027,main,cs_5_0,8000,,,both failed
15,c8d040a6da1377b6cf80c01a492e8320639a5c9f8ece906b296bb5cc3493cd34,main,cs_5_0,8000,,,both failed
16,27968b347d3e7c3776c16e876428b95cdaed24d69131a3f8f32a98ae682a6b0a,main,cs_5_0,8000,,,both failed
17,e54e57546faea02df600b43c854b26c419b1461a8c3dbb7e1b76a255ff313d67,main,cs_5_0,8000,,,both failed
18,9e8435492201a084d261e7ec8e0ce2acba62c16fb076c7f8d1b392ab72ad2a1a,main,ps_5_0,8000,,,both failed
19,47982c1ed360d099f0564dae0d23502e5b00fa4099e21ca9f8ce7a97c18eb0b1,main,ps_5_0,8000,,,both failed
20,bb35b6474e675bcfea4f8c4d84ac840f7bf77d0321869a36bb68f9754f1e2e70,main,ps_5_0,8000,,,both failed
21,4659ef2d11e9b8487021dbae855861bb6d1a3e4a84f56872900c137ffe823e13,main,ps_5_0,8000,,,both failed
22,5c353fa540674a55668138e2eb2e32bdbcab3104313d78ffc5d52154de2ca47f,main,cs_5_0,8000,366c17b4a2d099b8146ec13c1999303c0da21a104be272e58dd99c1ae9055e30,366c17b4a2d099b8146ec13c1999303c0da21a104be272e58dd99c1ae9055e30,identical
23,e44a767be72495eb5a1b9570095dd5806f28c44e9ee54c64f0b750d8d0f9764b,main,cs_5_0,8000,dc254b7cc817cafee518c3c45e4397608a083d82e6aa944b2bf44de9bef8495c,dc254b7cc817cafee518c3c45e4397608a083d82e6aa944b2bf44de9bef8495c,identical
24,84c30c5975830bd84524b9b694ec1c7565e66ca817f553ec78029dbbe47ae950,main,cs_5_0,8000,cb306014d3b99187763915437ded8387b33093568f348e21d30d573134e1bc4f,cb306014d3b99187763915437ded8387b33093568f348e21d30d573134e1bc4f,identical
25,3583c9ceb92a8da1ac620f03a6023c3ef3080bf9472661905de5575a059974a5,main,cs_5_0,8000,08460789173c5ad2af18356f76dafccd9128750d6b128df7f70fceb9a2d99371,08460789173c5ad2af18356f76dafccd9128750d6b128df7f70fceb9a2d99371,identical
26,f2d7b8f8cd546d93d9576e62b500d793666368008f8541f45e232bc34600b069,main,cs_5_0,8000,4433bc7e255c6ab2d1a34071f343a14ae3eed78d8a1c16f32dd69a551e8fa4dd,4433bc7e255c6ab2d1a34071f343a14ae3eed78d8a1c16f32dd69a551e8fa4dd,identical
27,8a28cc10377e2ca52b5f5f6af01440bdfc5831a4851e8a7da0b7b80ebbca61f5,main,cs_5_0,8000,97af29069da8a85562ac93e7285aed893e106e9b51532388b57d2f1adccd1cbc,97af29069da8a85562ac93e7285aed893e106e9b51532388b57d2f1adccd1cbc,identical
28,fec8a681e8607fa2aa0c8372a8e1f04382d8a2af6ad5fd8d00e6f103ab9dd24d,main,cs_5_0,8000,107afd4f1ac477da86d692a0e5284eb8a967e070b90c27428a6faf329b9bb83a,107afd4f1ac477da86d692a0e5284eb8a967e070b90c27428a6faf329b9bb83a,identical
29,45710ea7c9ff03cfac902bf7749766a29d0adfd14a60ccb6dba4c411857c8d89,main,ps_5_0,8000,,,both failed
30,05eed0513b859a5a40d9f1b46567d49f17f3c191de50a7b802a2384648e67e3f,main,cs_5_0,8000,,,both failed
31,e9115261b0756c2fad42c770c12c2438a0f5e927cad54865c5aa4f2fb91b3b8c,main,cs_5_0,8000,,,both failed
32,f68f0ae5121a90068797835b479b673abfd53cfdbfe8846a2d1700ef8e3b3c57,main,cs_5_0,8000,c66240b20026d8449512fdf393ff9072d0819516a5136c6b4256b73f7fedae2e,c66240b20026d8449512fdf393ff9072d0819516a5136c6b4256b73f7fedae2e,identical
33,bc5fda37de6dfd9ce35bb0a46ce7283a35d530597531ca0022f3db306c731bc7,main,cs_5_0,8000,e4b188b9e19c400fe5e80e57d7fc4aeef064876cb1c1fe2efd675c2d8ad1f1d1,e4b188b9e19c400fe5e80e57d7fc4aeef064876cb1c1fe2efd675c2d8ad1f1d1,identical
34,ffee21866e9766229dabcbb55494a50ebc46fe450cce3f5e5f40b90a803b2d9b,main,ps_5_0,8000,9d213f165d5f3f553d22a46db98f536c101bcbb4d5efc6616bca94eee54c7056,9d213f165d5f3f553d22a46db98f536c101bcbb4d5efc6616bca94eee54c7056,identical
35,0d4845aab4315024114f585371e200a4a0285e1cf98a7e1a24f8d5e1f2c40b72,main,cs_5_0,8000,dc185c9c0d28cce5901ad561801f2f59efbf3a00542df43e2d117db1e6747259,dc185c9c0d28cce5901ad561801f2f59efbf3a00542df43e2d117db1e6747259,identical
36,f04344b9de825f2468c92a45d2db78c455b1b001ee09cdb95f7412f706867b76,main,cs_5_0,8000,0f74c70429681526c39eba2bf89828d058c391f906215d1c95d40c3d529f0552,0f74c70429681526c39eba2bf89828d058c391f906215d1c95d40c3d529f0552,identical
37,5552fcb6c1f4911fd66ae9884dac29933896ea1ac50b0e0bc7e57beb5da6a2f1,main,cs_5_0,8000,2c529fc7503d7ac048475ad9b5cd7b0a02d9df08fbd9ae28f7b336ee7214418d,2c529fc7503d7ac048475ad9b5cd7b0a02d9df08fbd9ae28f7b336ee7214418d,identical
38,be930e06134d88dc9653e8a72f8392f6d92e67a66fe553f1e3ba1d24bc4ac61b,main,ps_5_0,8000,,,both failed
39,6464bac3adfd2de8230815e3aa23d8ef04ec751410ff4a13eee64fa6eda849f1,main,ps_5_0,8000,,,both failed
40,e376020d9c22858b53ca79737a9b082c49f79b566a4593c34da6d2279ecbcefd,main,cs_5_0,8000,,,both failed
41,b0d3ebc7e6c139787d7847fbca9982a327ad6b569fba7172c4662e43dfe4f0e3,main,cs_5_0,8000,525662d1e630ece1a1e40ca56e32a42f8c4820f2b07c207de595fde3d1a29c63,525662d1e630ece1a1e40ca56e32a42f8c4820f2b07c207de595fde3d1a29c63,identical
42,a50dfe8f03f2ba1e9cf799bd49d4b989ee1983c621afa0b4f32b2e43d44b0395,main,cs_5_0,8000,,,both failed
43,fe438bb71129dbb76aeb88f4631128c2eeb58509fcd1fc3e8ce27edb2d9b135e,main,cs_5_0,8000,,,both failed
44,b0922a294ab338227a26fdd06cdaaf536e593f4b247e2fd0b2b85f22770f4fe7,main,cs_5_0,8000,,,both failed
45,d200e5b7820b8119bc1db467d8f9959a59cfa7a7c4df0c83b574a694b80fa65a,main,cs_5_0,8000,,,both failed
46,b24925076f440f0d51ef75ff5ddbf8698a53dc6e411db88f9175bba222f96e95,main,cs_5_0,8000,8068ddb0f11bc632e4df65de66c5a60feab097aef2d3bcc23c4f6ef342a14287,8068ddb0f11bc632e4df65de66c5a60feab097aef2d3bcc23c4f6ef342a14287,identical
47,c1dad304ee9cce880bcb0c97e33b8848b3b4754b85fd449d5ea5241630dc10df,main,cs_5_0,8000,,,both failed
48,254856e138b42ebe49f24a8de6c0e815979d070d71b6f4d546de6a058ba3c94f,main,cs_5_0,8000,,,both failed
49,e53648ae974325b3987043a0e796007a3527a74fe2f28a6a579d23bb3b365489,main,cs_5_0,8000,,,both failed
50,254856e138b42ebe49f24a8de6c0e815979d070d71b6f4d546de6a058ba3c94f,main,cs_5_0,8000,,,both failed
51,1d395004f9ee135f3177585fade4613eb76c35ffc7b5211ba39c5ddc132324a0,main,cs_5_0,8000,50a7bcc03f8365350cbbc006e4e2e2191e3b79526ad4124360fe3f34c5bbc721,50a7bcc03f8365350cbbc006e4e2e2191e3b79526ad4124360fe3f34c5bbc721,identical
52,3ee9de733f7e3e81fe3be3876863e512b47e8fc0259a429005e4c24e7f2c670e,main,cs_5_0,8000,87b354bd4bd9c5271273dff85de700c0dbd36bcf491368737c11acfbf62ab513,87b354bd4bd9c5271273dff85de700c0dbd36bcf491368737c11acfbf62ab513,identical
53,5f5233b74424f44105ac7a4d5b690bff0ac032060fa82c3677ed660a284c5add,main,cs_5_0,8000,e244eb2883d80e11ba1c1a6052ca72c1348f10e6c9d2e0bf151f8fcfeadead6e,e244eb2883d80e11ba1c1a6052ca72c1348f10e6c9d2e0bf151f8fcfeadead6e,identical
54,a24d75cfd83dc5a5d50a48c7da0d09a30733baf9dbaf9cca5d9f1809fd2b5335,main,cs_5_0,8000,eee5658db8f37506384aa3f8c6161d7e65e37f90fd8946872f7b8f0147c69127,eee5658db8f37506384aa3f8c6161d7e65e37f90fd8946872f7b8f0147c69127,identical
55,3013ef6fbdef7902506962d82bdd1de3dab9fb935dd0edc7f4615a8a4ebacf28,main,cs_5_0,8000,b3f4a20935b34a7f47eb9a26b50b82727d8002d5d5edd9d81cb82ec791c1bc74,b3f4a20935b34a7f47eb9a26b50b82727d8002d5d5edd9d81cb82ec791c1bc74,identical
56,d7c81b5ddb2469fa05a8e49c6adfce1cccfdd300da54723194ae812af41e502c,main,cs_5_0,8000,eca76aded3cf2c3c35c09186d598d37b9a7aaf3b5a9bb21e93fb1de720bc7eb6,eca76aded3cf2c3c35c09186d598d37b9a7aaf3b5a9bb21e93fb1de720bc7eb6,identical
57,7a256b85d1db21d15d5cd697de686ec7555be24940a8f48281ae53b6ee07f9e3,main,cs_5_0,8000,0f8d047ad30878eaf703c1bf8267686f57cbad14f94905876ba86d9194f5888f,0f8d047ad30878eaf703c1bf8267686f57cbad14f94905876ba86d9194f5888f,identical
58,1e96517b9ff84011732f19e0f6a5bfc4b82e491cdd30e98f8c11c3d4a0bb86d0,main,cs_5_0,8000,1e3984c2ee7650d6956570e081b5ce0005f737e680585f645688ff98c139e65a,1e3984c2ee7650d6956570e081b5ce0005f737e680585f645688ff98c139e65a,identical
59,90a6ee0ecd06a41c804c681916f07d77a38ccba839e223f6c79f70e663b4984e,main,cs_5_0,8000,bfebfa02bc1685c31f2c9ee164503d13c50f4f35b2d7d2e3ecc18193d3d78e27,bfebfa02bc1685c31f2c9ee164503d13c50f4f35b2d7d2e3ecc18193d3d78e27,identical
60,f9490a440e5a2d9bed9163a508b094035acbc86078e67d5f7ff1423c708e18b3,main,cs_5_0,8000,1440c3a7b8cbd5be5e76a362f079fdad4c0ae3b41a7989d8f9e15d3634655b57,1440c3a7b8cbd5be5e76a362f079fdad4c0ae3b41a7989d8f9e15d3634655b57,identical
61,d74e17d501d9a985e9bf32d2a3c1e21737a987b03e6d93378fb39c3eb510b3ad,main,cs_5_0,8000,33ff662a59e2653ece78da5eb9841ab2e8b70d8e03e4026309b3b74d741fe3a8,33ff662a59e2653ece78da5eb9841ab2e8b70d8e03e4026309b3b74d741fe3a8,identical
62,f02138581bbb9d387fe2e6eae6abf401cc6302c270c34a514fcf67a378d95e0c,main,cs_5_0,8000,b5694ab3f281f8996514edf66f2998f7b46875be5a84ede041f4833ddac2d7b5,b5694ab3f281f8996514edf66f2998f7b46875be5a84ede041f4833ddac2d7b5,identical
63,6bb52f5df5bafd06398d015e18ab80124a719f555e9c317d7c1759a9874c001f,main,cs_5_0,8000,6680d2113fb54558de2723f2568b32ff0a03424af52740ddd598f78d25c14538,6680d2113fb54558de2723f2568b32ff0a03424af52740ddd598f78d25c14538,identical
64,a6c4050abbd4d76387763e76bc8e028f8d6752c591f8be902e50b7c451e1cb27,main,cs_5_0,8000,75cdb04bde19b93183abf6bd9ac85e7dda8af199af1b362107392636a2725944,75cdb04bde19b93183abf6bd9ac85e7dda8af199af1b362107392636a2725944,identical
65,ee4a6a849a9b7a2159ca63417c2c02c712ef050eea3166a072a8efd641aacd76,main,cs_5_0,8000,e5fb051db28db2c250ab30a2562ae3830c911988cd76dd69eea5eeec9306be8f,e5fb051db28db2c250ab30a2562ae3830c911988cd76dd69eea5eeec9306be8f,identical
66,5a8e1e3c4cb774297397ac437d086bc30cf4e35057e1b0bb4d8c828bcf3d907d,main,cs_5_0,8000,6a8227b44faa085732aca185597dda5252dc7e0104c14ed04dec8bc8ce3e176f,6a8227b44faa085732aca185597dda5252dc7e0104c14ed04dec8bc8ce3e176f,identical
67,0ec4c7fe91eb0acd4a1636c9c841256c28559c5358a6a0bdd2c7a9804c1bffd2,main,cs_5_0,8000,4e20d461e1d91139d41e86d7f546b08fa07f4edde820f6f5b492156f6758a964,4e20d461e1d91139d41e86d7f546b08fa07f4edde820f6f5b492156f6758a964,identical
68,06d87e614ecd12b002ae49e3a47439f640bb5ac37ac3eb2cb47a7c464362e10a,main,cs_5_0,8000,3ce9f6533c07903a9fb0c928eded0756f1812119b6920b38032d68c9fb636db1,3ce9f6533c07903a9fb0c928eded0756f1812119b6920b38032d68c9fb636db1,identical
69,f7ad685daeac29a9fafb1ba101ec5466882346f36f6dab6e923513e6b247b111,main,ps_5_0,8000,2a50444f262fda58aa0331e932484b9017efe58743a4aa5a00fd2836bd988c97,2a50444f262fda58aa0331e932484b9017efe58743a4aa5a00fd2836bd988c97,identical
70,d537f25d7358d7634d612711e973bc517ffddad724430b795887eede7d88b907,main,cs_5_0,8000,,,both failed
71,e3085eb2213c1b25ef96158563fef4cd777169d80588a0433abcaa789998f120,main,cs_5_0,8000,230432d25aa7b866d8245fa953040abf585f31a5a0fee6aa1e16c1c8c4e051b7,230432d25aa7b866d8245fa953040abf585f31a5a0fee6aa1e16c1c8c4e051b7,identical
72,c8b2337cd99959b963654a1573ba9224f62f53ab658869ea82580770c7192a40,main,cs_5_0,8000,,,both failed
73,8b0942e7ecb02e98874a450c225b7f52a08c5a473a90f8572e6c3b0ab0beeb8e,main,cs_5_0,8000,82772da37f80862d0714b30a7be241673c4cf24b4c6d588445cc68d2cfd16b4f,82772da37f80862d0714b30a7be241673c4cf24b4c6d588445cc68d2cfd16b4f,identical
74,6d1ab1ddee8bf08674caaf14fb611b9a8846fa58b5a9a0382fbdc1c2293b52e7,main,cs_5_0,8000,,,both failed
75,7288e9cadc61927db1947fa97365d05efb280ea782b1a20dad85bcc92710d1c1,main,cs_5_0,8000,7382d206f2242ab0d50a4d0ba79c67d5b874377a0c2fdede44195906291cd1d2,7382d206f2242ab0d50a4d0ba79c67d5b874377a0c2fdede44195906291cd1d2,identical
76,fbde4d5c2b91ab76951b736795158e8ddb19e4403d12afa40a8eb470a25c88f2,main,cs_5_0,8000,,,both failed
77,914b4da8daed543a7cf6a52e24203c31baa4e27ae58f652077e5e1f131add0d2,main,cs_5_0,8000,5597474b620ff43b75e3bbacdabe02c9c9bc004f209ac37a59d6f848b959369f,5597474b620ff43b75e3bbacdabe02c9c9bc004f209ac37a59d6f848b959369f,identical
78,69fd48644e3543062e0ef9787d175a469a7f1f8114694c0b07003b94f988fc6e,main,cs_5_0,8000,,,both failed
79,7275ce436e2979f8d2a17da79f4f8f2bcbc0023c3b37b1d1bc7811eb56062935,main,cs_5_0,8000,76f673f5371d394ab195811920a73127c99d29932599cb6aec7e01a1bda88b4f,76f673f5371d394ab195811920a73127c99d29932599cb6aec7e01a1bda88b4f,identical
80,5d487e006e1a45824ce00254debd967f866bd03183dcf834f743d29de49f66f4,main,cs_5_0,8000,,,both failed
81,1b0f522b8f274f713677f2f83f10c0c72653d9c88a9fd476cd990d15a1681cd2,main,cs_5_0,8000,2ea5e10d9c632e4ae3cba56da7cfd2c0b4adcb999b0d759a688a533cb8b7512d,2ea5e10d9c632e4ae3cba56da7cfd2c0b4adcb999b0d759a688a533cb8b7512d,identical
82,87f6b37cb42392c7a44ee1ae34381b416acd114706edd7264456b01483d47f42,main,cs_5_0,8000,,,both failed
83,4c208c96ea0a8ecd2b71743e3c543cd84e46e6dbb63a23b7017aa62b91fb8b76,main,cs_5_0,8000,0b6de51cc2dfd5dfa2cebfbec8695c40e8dfffdbfbc0182183adf0a2a8c97053,0b6de51cc2dfd5dfa2cebfbec8695c40e8dfffdbfbc0182183adf0a2a8c97053,identical
84,658d41bada7f3c101ed44b30a8427792493b5eb55dc4bd31ea0c10ca6e6c8089,main,cs_5_0,8000,e3bb4cb7f8ecc6502ecb46af1be8aa2f9e3d66ab153d46d2b7dc82e1a1d5740c,e3bb4cb7f8ecc6502ecb46af1be8aa2f9e3d66ab153d46d2b7dc82e1a1d5740c,identical
85,3f0223545ede656be5d6cc9fbd290d7a9b8c6a5ba2778e94edbf6b89519728aa,main,cs_5_0,8000,,,both failed
86,d50b7112bdc52bfbf9dd3973430b741476629c3b1b6b5fdd42cbf409b6780e2c,main,cs_5_0,8000,,,both failed
87,4d95c098ea288093636205bdf844ed93e072d4c29b89a621048436d7ceb94611,main,cs_5_0,8000,,,both failed
88,d8458fb342a13ff9a37fbe527382b5b94ab8c747605fd208719eeb7ab86f79db,main,cs_5_0,8000,,,both failed
89,676c5774a736a5017c6dbe0d1d345bbb2d40e4b2cf31cf87b8c73651bc4a317b,main,cs_5_0,8000,,,both failed
90,9437283bef664bb8ed02cfbd8cfc1a593832e74a8a3d9262fd54f8a81c1a384e,main,cs_5_0,8000,,,both failed
91,61ec9c7ea7a1fec8499c9ef65c480272d4f215a4fe0fbced2c2f4603274bc905,main,cs_5_0,8000,,,both failed
92,e8fe45f16d185b6a5219b4b725c56d304332d6e99de206a0e7c399e96524426d,main,cs_5_0,8000,,,both failed
93,02175a5778d35220e3980a0f97fb7d4fe621ecd45ad71ec33f11c1803528769e,main,cs_5_0,8000,,,both failed
94,81264353f4cdb8bdb7b8dd7b72550f30992ed4dc38ead6671ddca3d3365ad5c8,main,cs_5_0,8000,,,both failed
95,fb8552bad4c7c4389843cfe51beb3860ad7b8aaf429de546cbece84eea6681f5,main,cs_5_0,8000,,,both failed
96,2db80fbd68c7854dd6f909c48780c5795c786d9fff8d6d24f314d0b606ef1ffa,main,cs_5_0,8000,,,both failed
97,0a363db09d10caeb3e2310508f9448a76593ca85324dfe0667f3069746bee8c2,main,ps_5_0,8000,,,both failed
98,db7df1c108da797eec75b8732085ce6cfae20388fb8e0f5ea0fbdae211a07c82,main,ps_5_0,8000,,,both failed
99,ad9b0858e82f69bff033ba18c7640b2a36bfbc9a84263cbb76f2a0e6a3561898,main,cs_5_0,8000,94f30c11d80de3a60fad3e2d62fd6cbf1cf0bfb01a3241fe046c1a7d1e216824,94f30c11d80de3a60fad3e2d62fd6cbf1cf0bfb01a3241fe046c1a7d1e216824,identical
100,e727e8a182bec2495afb1e41dbb6e7c8e50af2d5e12903bdcdd93b726cb4ee2a,main,ps_5_0,8000,,,both failed
101,3baaac5e807c3442359ed62376205a9c7c56d96b48534005e4db861a5eea19d3,main,cs_5_0,8000,61a439eccae431331252e551f5e8361f2a970ddce53a1d621dd2c2c5d5eeaa2e,61a439eccae431331252e551f5e8361f2a970ddce53a1d621dd2c2c5d5eeaa2e,identical
102,210e15e215e2724974c6adc38e95a267782d319c6d60202ae9243f34b46eae5b,main,ps_5_0,8000,d003081eacd3f069f43d5f4ca4401ad5df3776006430864e9de4c7b3cbb989d9,d003081eacd3f069f43d5f4ca4401ad5df3776006430864e9de4c7b3cbb989d9,identical
103,72b7c8898a57eaa8cbc96260a2ae426e1d19728d470c9311d551e13d7748a33e,main,cs_5_0,8000,79a19757aefa6d0fc7a0867eb1a391d6b15c56077b00d3d11ab4516ac496c372,79a19757aefa6d0fc7a0867eb1a391d6b15c56077b00d3d11ab4516ac496c372,identical
104,2ed09a16a064d783440bc2ccb6f1f975016d1bac0be487756c7936e2951b2fa7,main,cs_5_0,8000,67b2e93cdfa21c9db0f8c98abd493877ba2771c604fe6ffaa311a90725325950,67b2e93cdfa21c9db0f8c98abd493877ba2771c604fe6ffaa311a90725325950,identical
105,7c1b733d6ee23f7399baa7f1770d5ab3333ef38e43b8708233796c8433b114ff,main,cs_5_0,8000,cf73658fc98627d431c2878c9cad44c6f727889c200407e693a04101dc3df9e7,cf73658fc98627d431c2878c9cad44c6f727889c200407e693a04101dc3df9e7,identical
106,bb2df6509a11de0bb06a30b1edeb041163a87ea01fb69693a74f27283139fa5b,main,cs_5_0,8000,a1501ce1562d020337fbbdce76853fb35ed09c9e57ea1aadc9ae932fc3b50926,a1501ce1562d020337fbbdce76853fb35ed09c9e57ea1aadc9ae932fc3b50926,identical
107,f3b01b954119bde3286c6dd1ab48b2158bd6673ea164cdf033d1c02063fb8b6e,main,cs_5_0,8000,70d790e965d2410d7b3dbfa8d0475843a4e7f4d83fd05645d8e4f4c241ab9869,70d790e965d2410d7b3dbfa8d0475843a4e7f4d83fd05645d8e4f4c241ab9869,identical
108,86e7b7d403e5aa7921df4a8e93a5d73bc164fc49fd2bcea7f5c1ae8fab6c137a,main,cs_5_0,8000,e2ce9c600426ef77fe61eb993fd25931e36738cbc0723e86badc94ce06da761f,e2ce9c600426ef77fe61eb993fd25931e36738cbc0723e86badc94ce06da761f,identical
109,d1fd5e6dec7ecde18a175492c0ff1ed3eef6898f35919e09adf701f25fd58a49,main,vs_5_0,8000,d7d2a6f183bcf6cba82f544edbe049898e2e3c110b896492bce746745f79ac61,d7d2a6f183bcf6cba82f544edbe049898e2e3c110b896492bce746745f79ac61,identical
110,83e2df104ba7af420ee8174ecce7ecacc7e64df9e274934452daff8c54abd520,main,cs_5_0,8000,39a82b0603ea3e9751bf8826dfc7f52a6f4f5e28871c6c4912f768aad6fd5a19,39a82b0603ea3e9751bf8826dfc7f52a6f4f5e28871c6c4912f768aad6fd5a19,identical
111,5d3708c4dce87a4589916441b5f9d9f6c876d37aa42d95c3e23f459dd15dad59,main,ps_5_0,8000,51526e9a007340c571355cbbfdf9b14e1f7d634046e41f63441606b620f924d7,51526e9a007340c571355cbbfdf9b14e1f7d634046e41f63441606b620f924d7,identical
112,99d3ea487b85a0ea8b999e08092f1cc8939a677107537e063e8b765a9671668e,main,cs_5_0,8000,4bb3351c81b081e6e76d63d292ee216d56e9ea9b2a024d39f5ba8b3604dc21ff,4bb3351c81b081e6e76d63d292ee216d56e9ea9b2a024d39f5ba8b3604dc21ff,identical
113,d7a9d30b68bf37faf6c34e342911e1732d0f92a36a29903f624591aded862ce9,main,cs_5_0,8000,6095a028fe0c53abc3313ed4c1e711a71a0bcb077f9b04dc2a2c041a13c60262,6095a028fe0c53abc3313ed4c1e711a71a0bcb077f9b04dc2a2c041a13c60262,identical
114,0dd7d58a54c596cf23abed752ca5e11e6c1b5de17c8d58c5ba27193a55a226e1,main,cs_5_0,8000,a00d97b0a2179bf6853f63f251f7789171304535fd2abb33db21883ae27befdb,a00d97b0a2179bf6853f63f251f7789171304535fd2abb33db21883ae27befdb,identical
115,10e9d55a2fe92a1855e5dddd7beb8b467007fffe8e34b1005c9e04a2d9e9ed7d,main,cs_5_0,8000,,,both failed
116,5b793ddd2c082a8a814c3043f6c54013eae516851e81cea9acc4afd841c64f43,main,cs_5_0,8000,,,both failed
117,acec514100675d1c2309aa0d8cc6be03cb494fde44dec31e6f1c18bc883b6a90,main,cs_5_0,8000,,,both failed
118,bce8d26323643a77f8b8f169c6fea830baa907c3971325a31f1b575cd6b39109,main,cs_5_0,8000,,,both failed
119,d2010dd1b4dd90fb84d331fb92c9cac5422a12fc807bf2bebb5f23c82e6d691b,main,cs_5_0,8000,,,both failed
120,3c9fc4d49b257c6273443df1de3fb0e3297dd1bfd15cc90048a74bb4ff44c136,main,cs_5_0,8000,,,both failed
121,635ebc167c5332bed303431e22bbe51b75becb63c7cf33569b7be848dbc7073c,main,cs_5_0,8000,,,both failed
122,d47356a571c96a6114f1a445886b26556a991613649527b6da945891b55e0dfb,main,cs_5_0,8000,,,both failed
123,ad5817032d1b05f862a88ca5f6625c2b1f693671140a3d69bce04867375c7184,main,cs_5_0,8000,,,both failed
124,52a896b5f302f4632abd4299d66120433b3cc86f233634a79b071f553539e4f2,main,cs_5_0,8000,,,both failed
125,f742f18f5d5a86655e1053d96e48c8e73d57fcd6c289b40a4eaf3c4849175aa4,main,cs_5_0,8000,,,both failed
126,39522f5c8cd73d4d0bbfe63f8c192f376dff5b6bf649d3fd026b5b185a8f94ed,main,cs_5_0,8000,,,both failed
127,453536e7d82ad9c2fce55188cef2392c2c333e5adbbf0cf5e192b5520e13ed21,main,cs_5_0,8000,9ab216ffb32d07f6985d55e318b03004d5d58a95448b3b5f51a240256ab387e9,9ab216ffb32d07f6985d55e318b03004d5d58a95448b3b5f51a240256ab387e9,identical
128,caaab4c0b45fe57b1abca743d5de14b30195b8e69a7ad720cfb5d6427bbfd062,main,vs_5_0,8000,7f8789403fdff4228e20c9e4cd625ab2dd0c04ef2f94c7a6acf1db3f80224717,7f8789403fdff4228e20c9e4cd625ab2dd0c04ef2f94c7a6acf1db3f80224717,identical
129,24155e7ce5fecc137d2e49fd903e742354af449da7c356280d7f66c106e26e20,main,vs_5_0,8000,0adf920354939c6e21b45739d2ba9e0dce07fd32474d2b6143626e8d2015b07d,0adf920354939c6e21b45739d2ba9e0dce07fd32474d2b6143626e8d2015b07d,identical
130,59f3aefdb9dd94c5b643cb3e0a341a12dc1081101b94f20168ad42f20af7701b,main,ps_5_0,8000,391ef058e47b63d92998ca220698c25e28ad3ae172fd19603f4a80f2d4cbf835,391ef058e47b63d92998ca220698c25e28ad3ae172fd19603f4a80f2d4cbf835,identical
131,78e930e46802f412dedb80e89a258aa5548ab7d7fa1294f9c03c16c187e5c24b,main,vs_5_0,8000,cd40847d6e311d759e2cb878bd4f414cbd644a2c169ff54ba34ca0591e02bba4,cd40847d6e311d759e2cb878bd4f414cbd644a2c169ff54ba34ca0591e02bba4,identical
132,9b576259902886590e520cccdaac0e7719af1b608d12c7c0d0c9adfdd5036b72,main,ps_5_0,8000,,,both failed
133,497933beecc12a137651e9ea691234fd343decdc203f16a47b7457f515e22922,main,ps_5_0,8000,,,both failed
134,861aa57ec02a39d92c656f3e20ec10dc1fe8c3bda8b6c90be1d630836156977f,main,cs_5_0,8000,,,both failed
135,d1448cb1384b62c29c7bee3f17d4f476c33639c98e69097b5a92d65c954b1ea3,main,ps_5_0,8000,,,both failed
136,d1dbae63483874d4fb96623a6dfa2da04b9c28d536e6ba60c90339a820489245,main,ps_5_0,8000,,,both failed
137,d0d59c1dbb2280873c440bcda082939f637a4467ced21a367c3b24e8807bf516,main,vs_5_0,8000,bfa32393718c7e18e4c431226d1dd237d51f4aa457075dd405d0c6d357dbeadc,bfa32393718c7e18e4c431226d1dd237d51f4aa457075dd405d0c6d357dbeadc,identical
138,69b8f7b1028daf7c8ca7fdfd3ce2a2c9ce3cd1aca83b43ad8a4fdc99fe86551f,main,vs_5_0,8000,fd43574de2fd6f3aefffa240b4802d88dcc6806f471b878ca8e825d8f31a420d,fd43574de2fd6f3aefffa240b4802d88dcc6806f471b878ca8e825d8f31a420d,identical
139,4ab7d1e3610bd028ab81e8ab892770188df056abca1e1afb8ecb6dbd131d4d5a,main,ps_5_0,8000,,,both failed
140,1ba64878c9476729c9bb50db8e36c4453ec9c459db145301416ab21cc727df24,main,ps_5_0,8000,,,both failed
141,86fa43c242c8b16dd4840c04debb3b3da4c098062a318e6b585156d12ce4b50a,main,cs_5_0,8000,,,both failed
142,63bbaa2add41a3b1482e0513df08cb2d365f68600705e4b12dda86bb576dc405,main,cs_5_0,8000,,,both failed
143,931e23000e3bbf1dbe4b3b8c1bd9d81f23b1014302bcd7d3ac3525539d7cf84a,main,ps_5_0,8000,5d962432daca7003e09725d5903bf84fbfc4aed9362f3af4720824f2f499fd57,5d962432daca7003e09725d5903bf84fbfc4aed9362f3af4720824f2f499fd57,identical
144,88659a2edf3a911cdba7179ba7ce7d7a4cf44209abb0783466e0e627299a8aa8,main,ps_5_0,8000,fa80452115f830b73dc2aa60ae0f1ad82fa0aaeb77b7984f36074480e12b36e8,fa80452115f830b73dc2aa60ae0f1ad82fa0aaeb77b7984f36074480e12b36e8,identical
145,a17cc1d31e1b13795fed654a6b81c100a0556f19a614b0e90b883c33039af3e1,main,vs_5_0,8000,a27123800e757ac2e0dac5b801b6365a013a1bbe42ce1b78ec082d02dc06ee66,a27123800e757ac2e0dac5b801b6365a013a1bbe42ce1b78ec082d02dc06ee66,identical
146,3bb18501b615966788ed308a8c2378cd0f50eb12de6aceef3ce850191851f3d7,main,cs_5_0,8000,,,both failed
147,d1c760cf3f560071ce10d91688f94833d35137ce89e39b8d7770082f5aa17593,main,cs_5_0,8000,,,both failed
148,df2d9b341a2f641222e88ca8ef57f65678ae81ed2e2a4263f5ccc2042b1ac8d4,main,cs_5_0,8000,,,both failed
149,f688fd72f519fb803c42b5ed1c4fb36bcb59eb083e20781fb664edceb00b7753,main,cs_5_0,8000,,,both failed
150,100c93704554547dc7e6151a52dce2110f65b2173e2aaae912adcc7efb6ef11d,main,cs_5_0,8000,699b1219a4fe4cdcb117681a4c33ea821b939ac1b6646b282e5c7b21cb265c79,699b1219a4fe4cdcb117681a4c33ea821b939ac1b6646b282e5c7b21cb265c79,identical
